<?xml version="1.0" encoding="UTF-8"?>
<beans xmlns="http://www.springframework.org/schema/beans"
	xmlns:xsi="http://www.w3.org/2001/XMLSchema-instance"
	xsi:schemaLocation="http://www.springframework.org/schema/beans https://www.springframework.org/schema/beans/spring-beans.xsd">
	
	<!-- Root Context: defines shared resources visible to all other web components -->
	
	<!-- dataSource mysql -->
	<bean id="dataSource" class="org.apache.commons.dbcp2.BasicDataSource" destroy-method="close"> 
		<property name="driverClassName" value="com.mysql.cj.jdbc.Driver"></property>
		<property name="username" value="legacy"></property>
		<property name="password" value="admin1234"></property>
		<property name="url" value="jdbc:mysql://localhost:3306/legarcy?useUnicode=true&amp;serverTimezone=Asia/Seoul"></property>
	</bean>
	
	<!-- sqlSessionFactory: ref를 참조한다-->
	<bean id="sqlSessionFactory" class="org.mybatis.spring.SqlSessionFactoryBean">
		<property name="dataSource" ref="dataSource"></property>
		<property name="mapperLocations" value="classpath:/sqlmap/**/*_sql.xml"></property>
	</bean>
	<bean id="sqlSessionTemplate" class="org.mybatis.spring.SqlSessionTemplate">
		<constructor-arg index="0" ref="sqlSessionFactory"></constructor-arg>
	</bean>
</beans>
